<?xml version='1.0' encoding='UTF-8'?>
<package installOnlyAtStartup="false" uuid="driver-13f68b" version="0.0.0">
 <names>
  <name lang="en_US">Driver</name>
 </names>
 <supportedLanguages>
  <language>en_US</language>
 </supportedLanguages>
 <descriptionLanguages>
  <language>en_US</language>
 </descriptionLanguages>
 <contents>
  <behaviorContent path="behavior_1">
   <nature>interactive</nature>
   <permissions/>
  </behaviorContent>
  <behaviorContent path=".">
   <nature>interactive</nature>
   <permissions/>
  </behaviorContent>
  <behaviorContent path="Socket">
   <nature>interactive</nature>
   <permissions/>
  </behaviorContent>
 </contents>
</package>
